question,answer
炭治郎无法面不改色做的事情是,撒谎
炭治郎头上的疤是保护谁留下的,弟弟
炭治郎日轮刀的颜色,黑色
不惑之年指的是多少岁,40
躲过炭治郎头槌的是谁,宇髓天元
炭治郎第一次见到无惨是在哪儿,东京府浅草
炭治郎在最终选拔中遇到的鬼是,手鬼
炭治郎遇到的第一个十二鬼月是谁,累
麻婆豆腐是哪一菜系的名菜,川菜
炭治郎水之呼吸有几种招式,十种
炭治郎在哪里参加选拔,藤袭山
炭治郎训练吹破了什么,葫芦
炭治郎潜入屋的时候化名什么,炭子
炭治郎用那一招砍断了梦魇的脖子,火之神神乐
炭治郎遇到无惨时抱着小孩叫无惨什么,爸爸
炭治郎头发是什么颜色,偏红色
阳春白雪和下里巴人这两个成语最初指的是,乐曲
最终选拔的合格条件是在藤袭山中存活几天,七天
9级的经验酒壶每次可以存储多少溢出经验,80000
9级的体力食盒可以储存多少溢出体力,250
鳞泷左近次与炭治郎的关系,师徒
通过什么判断炭治郎使用的日之呼吸,耳饰
SP阶式神返魂可以获得多少御札,750
SP阶式神可以通过多少个对应的式神碎片召唤获得,60
伊之助第一次摘掉头套我妻善逸的反应是,长得像女生
嘴平伊之助有几把日轮刀,2把
嘴平伊之助戴的头套属于那种动物,野猪
嘴平伊之助口头禅,猪突猛进
八百比丘尼挟持了谁来要求晴明解除八岐大蛇的封印,神乐
八百比丘尼与晴明第一次见面的地点是,凤凰林
祢豆子木箱原材料的特点,非常轻
祢豆子通过什么来恢复体力,睡觉
祢豆子的竹筒是谁让咬着的,富冈义勇
是谁将祢豆子变成了鬼,无惨
白童子最好的朋友是,黑童子
百鬼夜行中非鬼王R级式神每次可以提供多少碎片,3片
百鬼夜行中非鬼王SR级式神每次可以提供多少碎片,2片
下弦一梦魇里我妻善逸梦见了谁,祢豆子
我妻善逸与其他人联系用的动物,麻雀
百鬼夜行中每位阴阳师每天最多被邀请多少次,3
我妻善逸埋伏游郭展现的什么才艺,弹三味线
帮助几位后辈完成独当一面任务后可以获得誉满京都头像框,5
我妻善逸的发色是什么来的,被雷劈了之后
彼岸花的花海会在什么时机造成伤害,敌方回合开始时
兵俑施放坚不可破的效果是,其余选项皆对
上弦三猗窝座邀请杏寿郎做什么,成为鬼
杏寿郎被车站的少女用什么砸到,红豆沙面包
杏寿郎告诉父亲自己成为炎柱后父亲回答,无聊无谓
杏寿郎的精神之核什么颜色,红色
炼狱槙寿郎初见炭治郎说自己使用呼吸是,日之呼吸
不携带任何御魂的兵俑能附加哪种控制效果,嘲讽
不携带任何御魂的稻荷神御馔津不能附加哪种效果,变形
无限列车有多少节车厢,8节
不携带任何御魂的辉夜姬普攻会概率触发什么效果,削减敌方目标鬼火
不携带任何御魂的狸猫能附加哪种控制效果,挑衅
不携带任何御魂的镰鼬能附加哪种控制效果,眩晕
宇髓天元出生什么世家,忍者世家
谁不是宇髓天元的妻子,祢豆子
不携带任何御魂的食梦貘能附加哪种控制效果,沉睡
不携带任何御魂的小松丸能附加哪种控制效果,变形
不携带任何御魂的星熊童子能附加哪种控制效果,混乱
鬼舞辻无惨让猗窝座找什么东西,蓝色彼岸花
不携带任何御魂的阎魔能附加哪种控制效果,沉默
不携带任何御魂的御馔津不能附加哪种效果,变形
不在同一个阴阳寮的好友间满足什么条件才可以赠送SSR碎片,亲友关系达到永远的羁绊
不知火星火结界存在回合数是,2
妓夫郎与堕姬的关系,兄妹
苍风一目连的风盾护盾值与自身的哪个属性相关,攻击
查看番外的入口是,平安百物语
与珠世同行的鬼是,愈史郎
成功躲过灶门炭治郎头槌的是,宇髓天元
成就点达到多少后可以指导后辈,2500
宠物后院中通过宠物食粮吸引来已变成宠物的小动物会奖励什么,萌爪钱币
筹备阴阳寮宴会料理需要消耗以下哪种材料,阴阳寮勋章
出现在下弦之壹魇梦为我妻善逸制造梦境的是,灶门祢豆子
普通人通过什么媒介进入魇梦制造的梦境,绳子
鬼灭中鬼厌恶的花是,紫藤
鬼灭中梦魇如何避免强制昏睡进入梦境,避免对视
下弦一魇梦与什么融为一体,无限列车
传记中盗墓小鬼对墓穴里的什么东西感兴趣,故事
传记中饿鬼的姐姐每天吃什么,树根
传记中饿鬼每天吃什么,地瓜
人体最坚硬的部分是,牙齿
人体关节活动最大的,肩关节
人咀嚼食物时上下颌是怎么运动的,下颌碰上颌
传记中面灵气的七个面具里蕴含着什么,七种情绪
传记中青行灯呱为了模仿青行灯脑洞了哪些故事,其余选项皆对
长生果指的是什么,花生
柠檬汁含有什么,维生素AC
提高身体排污能力的是什么,豆类
五香除了花椒茴香还有那三种,八角桂皮丁香花蕾
传记中谁为了拯救二口女牺牲了自己,老僧人
用于止血的微生素,维生素K
低盐饮食有利于预防什么疾病,高血压
红茶属于什么茶,全发酵
麻婆豆腐是那一菜系的名菜,川菜
绿色蔬菜营养丰富下列不属于绿色蔬菜营养物质的,蛋白质
以下哪一类茶是半发酵茶,乌龙茶
下列食物中属于酸性食物的,鸡蛋黄
传记中小鹿男呱草人脸上的贴纸是谁画的,玉藻前
传记中小袖之手一直在等待谁归来,弟弟
传记中阎魔呱为了变美偷穿了谁的衣服,彼岸花呱
马怎么睡觉,站着睡
猫的身体尾巴连成一条直线表示什么,准备攻击
动物中视角最大的是,鱼
打蛇打七寸的七寸是指,心脏
传记中捉弄大天狗呱让他往两颊上抹淤泥的是,辉夜姬呱
俗称四不像的动物是,麋鹿
轻与鸿毛中的鸿毛是指那种动物的毛,大雁
蜗牛头上的一对触角主要有什么作用,探路
下列那种动物不属于哺乳动物,海龟
下列动物中不能够眨眼的是,蛇
大岳丸施放的无尽剑狱会在什么时机关闭,大岳丸的下一回合结束
待宵姑获鸟可为队友附加羽念印记的层数上限是,5
单人挑战巫女大蛇悲鸣时需要消耗多少体力,12点
现世中红色彼岸花被称作,曼珠沙华
不属于岁寒三友的是,兰
地震鲶的主人是谁,御馔津
地震鲶所说的冒牌货是指谁,追月神
地震鲶在什么地区附近出现,稻荷神社
七月流火指什么,天气转凉
敌方被百目鬼附加凝视状态后主动技能会被替换为以下哪个技能,邪光
豆蔻年华指的是,13岁
弱冠之年是多少岁,20岁
不惑之年指的多少岁,40岁
耄耋之年指的多少岁,8090岁
子时是什么时候,23点1点
三更半夜的三更是几点,23点至凌晨1点
堕姬的本名是,梅
堕姬的武器是,腰带
饿鬼在化成妖怪前和谁相依为命,姐姐
阳春白雪和下里巴人最初指的是,乐曲
六弦琴的别称是什么,吉他
钢琴一音节有几个黑键,5个
古代六艺礼乐射御书数中的御是指,驾车
以下不属于六艺的是,武
工笔是哪种绘画形式的技法,国画
缚骨清姬的蛇灵会对带有哪种状态的目标进行攻击,怨
钢的主要成分是,铁碳
火车连续两次长鸣表示,倒退
此致敬礼中的此指的是什么,信的内容
绿色颜料用完了用什么颜色混合,黄色和蓝色
甲骨文是写在什么上面的,龟骨
哪个字常用作表示顺序的第五位,戊
博士作为官名最早出现在,秦
沉鱼落雁闭月羞花中闭月是指谁,貂蝉
钢的主要成分,铁碳
黄河最终注入哪个海,渤海
如想去除衣服上的铁锈应使用,草酸
人体最大的解毒器官,肝脏
入木三分这个成语原来形容的是,书法
人舌头那个部位对甜味最敏感,舌尖
路旁的树干刷成白色是为了,防虫
以下那种能源不属于清洁能源,煤炭
以下哪项是人体的造血器官,骨髓
自然界中有智慧元素之称的是,碘
黑晴明的式神是,大天狗和雪女
黑童子唯一的朋友是,白童子
花鸟卷呱惹谁不高兴,妖刀姬呱
最会惹麻烦的呱,茨木呱
爱照镜子的呱,大天狗呱
阴阳师怕黑的呱是,妖刀姬呱
做奇怪动作惹人注意的,荒呱
一目连呱把谁当妹妹,妖刀姬呱
捉弄大天狗呱向他脸上抹淤泥的是,辉夜姬呱
手上系纸鹤的,花鸟卷呱
总迟到的呱,彼岸花呱
荒骷髅的主人是谁,彼岸花
茨木呱的妹妹,辉夜姬呱
天然黑爱补刀,辉夜姬呱
视力不好的呱,两面佛呱
荒川呱见到荒川之主,跪地求饶
茨木呱在胧车战败后落慌而逃,惧怕被捏脸
小鹿男呱草人脸上的贴纸是谁画的,玉藻前
茨木呱的右手,藏在袖子里
平安百物语中茨木呱的手里为什么一直拿着气球,气球是他的力量
哪个瓜台在出门前总要检查口脂有没有涂的完美对称,彼岸花呱
呱太入侵京都是为了,毁灭京都
以下呱太中因平衡感极差而常常摔下木轮车的是,阎魔呱
绘卷中鬼切原本的身份是,大江山的妖怪
大天狗呱的扇子上写着什么字,呱
传记中青行灯呱为了模仿青行灯脑洞了哪些故事,其余选项都对
传记中青行灯呱在给辉夜姬呱说起怪谈故事的时候会发生什么,自己先睡着了
绘卷中面灵气的哪个面具与她亲如双生子,小面
绘卷中面灵气的新朋友叫做,婴儿面
绘卷中山风被谁的毒爪所抓伤,狼妖
绘卷中山风吃掉了身为人类的,薰
绘卷中谁曾经以女装的身份登场出现在罗生门附近,茨木童子
绘卷中谁是守护永生之海的鲛人公主,千姬
绘卷中谁是守护永生之海的鲛人公主,千姬
绘卷中谁是玉藻前的孩子,爱花
绘卷中谁是玉藻前的孩子,羽衣
绘卷中谁是玉藻前的孩子,羽衣爱花
绘卷中谁为战争而流离失所的人和妖提供了庇护,姑获鸟
土蜘蛛在什么地区出现,青之森
地震鲶在什么地区出现,稻荷神社
荒骷髅在什么地区出现,三途川
荒骷髅的主人,彼岸花
地震鲶的主人,御馔津
绘卷中xxx替谁挡下了酒吞童子致命的一击源赖光,鬼切
惠比寿的技能鲤鱼旗鲤鱼旗最多继承惠比寿百分之多少生命,60
火车连续发出两声长鸣这表示,倒退
获得结界皮肤编心织忆后可以获得以下哪种加成,结界卡经验加成
在黑夜山扰乱玄武结界的式神是,大天狗
在鸭川河扰乱青龙守护结界的是谁,荒川
剧情中在朱雀门扰乱朱雀守护结界的是,雪女
在西大街扰乱白虎守护结界的是,两面佛
妓夫太郎与堕姬的关系是,兄妹
甲骨文是写在什么上面的,龟甲
以下式神声优和其他不一样的是,童男
以下式神声优和其他不一样的是,桃花妖
结界挑战券的拥有量上限是,30
介绍了诸多式神之间羁绊的泡面番阴阳师平安物语其片尾曲叫做,起风了
擅长舞蹈的式神,樱花妖
妖刀姬参加试胆大会被谁骗走了钱财,铁鼠
花鸟卷是什么化成的妖怪,画卷
谁不是水生妖怪,九命猫
招福达摩的眼睛是,都是白色
谁被觉称为爱哭鬼,童女
鱼头人身的是,海坊主
两面佛攻击时风神会对敌方造成哪种效果,造成间接伤害
酒吞童子钟情于谁,鬼女红叶
具有止血功能的维生素是,维生素k
以下式神中喜欢讲故事的是,青行灯
粉色头发的毒舌女孩指的是,觉
跳跳妹妹是如何称呼妖狐的,叔叔
以下妖怪中喜欢打鼓的是,天邪鬼黄
茨木童子的手臂是被拿把刀砍断的,鬼切
以下角色中谁是玉藻前的好友,葛叶
金鱼姬邀请了谁参加女子会,荒
以下式神中头上没有角的是,酒吞童子
跳跳一家中的谁误入了冥界,跳跳哥哥
剧情中是谁将首无封印,白狼
谁眼睛最少的,山童天邪鬼黄
荒作为神的使者最初降临在哪里,海边的村庄
剧情中童男提到草薙剑的碎片藏在何处,热田神宫
剧情中辉夜姬的好朋友是谁,金鱼姬
海坊主为什么要打劫并威胁渔夫们,保护渔夫
喜欢吃紫苏叶的式神是,吸血姬
以下是神中手持纸伞的是,姑获鸟
剧情中辉夜姬的好朋友是,金鱼姬
传记中饿鬼每天吃什么,地瓜
饿鬼的姐姐吃什么,树根
以下式神中曾为家国而战投身战争的是,首无
剧情中前来拜托晴明的是跳跳一家中的谁,跳跳妹妹
绘卷中面灵气的哪个面具与它亲如双生子,小面
以下妖怪里手里把玩剑玉的是,天邪鬼赤
以下式神中哪一位来自冥府,阎魔
大江山鬼族之王酒吞童子被谁所击杀,源赖光
剧情中是谁将首无封印,白狼
穿着僧袍的鼠妖指的是,铁鼠
剧情中是谁杀害了犬神的好友雀,九命猫
以下式神中手上拿着琴的是,妖琴师孟婆
以下式神中惧怕下雨天的是,日和坊
以下式神中手持巨大毛笔的是,判官
剧情中阎魔要求晴明镇压的妖怪是谁,傀儡师
以下式神中能看穿人心阅读他人记忆的是,百目鬼
酒吞童子狂气最多可获得几层,4
天才棋师弈最后输给了谁,恋人
以下式神中手上提着灯的是,提灯小僧兔丸
奉为达摩的眼睛,都是黑色
御行达摩的眼睛,左黑右白
鬼女红叶钟情于谁,晴明
以下式神中由竹子所化的是,万年竹
传记中谁为了拯救二口女牺牲了自己,老僧人
源博雅对于做什么事没有抵抗力,与强者比试
可以在战斗时召唤出影分身协战的阴阳师是谁,源博雅
剧情中谁曾是晴明失忆前的式神,九命猫
以下式神中谁并没有被恋人背叛,樱花妖
炼狱槙寿郎初次见灶门炭治郎时说他使用的呼吸是,日之呼吸
樱花妖的夫君是谁,忠义
以下式神中谁的尾巴最多,三尾狐
炼狱千寿郎将什么作为兄长读物赠送给灶门炭治郎,刀锷
独眼小僧是什么化成的妖怪,木鱼
苍风一目连的风盾护盾值与自身的哪个属性相关,攻击
以下式神中有兄弟或姐妹的是,童男鬼使黑跳跳弟弟
以下式神生活在荒川的是,金鱼姬
以下式神生活在高天原的是,御馔津
孟婆最初是为了谁才调制能使忘却一切的汤药,母亲
以下式神中哪一位是可爱的男孩子,般若
匣少女的手上拿着的是什么,人偶
以下式神中手持毛笔的是,书翁
以下式神中为了躲避人类追捕而四处漂泊的,以津真天
盗墓小鬼对墓穴里什么感兴趣,故事
泷夜叉姬的月之奥义最多总计有多少种附加效果,4
以下式神说话时会在尾句加上喵的是,九命猫
雪女的技能暴风雪可能对敌方造成什么效果,冰冻
胧车是谁的部下,玉藻前
以下妖怪中手持风筝的是,天邪鬼青
以下式神中精通女工的是,小袖之手
跳跳妹妹的宠物狗名字是,番茄
以下式神中被称为森林之王的是,山风
小袖之手一直在等待谁归来,弟弟
以面色鲜红的形象出现的是,提灯小僧
独眼小僧背着的石僧是他的谁,师父
每日的前多少次阴阳寮任务可以获得双倍奖励,10
一目连失去的眼睛是哪只,右眼
九命猫有几条尾巴,2条
阴阳师传记中是谁欺负铁鼠抢走了它的轮子,九命猫
以下式神没有尾巴的是,雪女
面灵气的面具是由谁制作而成,秦川胜
传记中武士之灵生前被谁所击杀,茨木童子
孟婆最初是为了谁才调制能使人忘却一切的汤药,母亲
祢豆子咬着竹筒是因为,怕咬伤人
秘卷书童和以下哪个式神最像,赤舌
薙魂两件套触发效果,生命加成
钱即正义消耗几点鬼火,2点
阴阳师等级多少级百鬼夜行才会出现sp式神,60
头像框守护者的获得方式是,每周结界突破前1000名
以下哪种道具是无法召唤出SSr级式神,破碎的符咒
SSr式神可以通过多少个对应的式神碎片召唤获得,50
进行结界突破需要消耗的道具是,结界挑战券
哪个式神是可爱的女孩子,纸舞
挑战石距副本需要消耗多少体力,30
那种方式可以避开魇梦让人陷入梦境,避免对视
单人挑战巫女大蛇悲鸣时需要消耗多少体力,12点
组队挑战巫女大蛇悲鸣时需要消耗多少体力,8点
判官钟情于谁,阎魔
每周获取数量有上限的是,斗技荣誉点
平安百物语中茨木呱的手里为什么一直拿着气球,气球是他的力量
妖琴师为谁而奏曲,虫子
平安百物语中茨木呱在胧车战败后为何落荒而逃,惧怕被捏脸
剧情中童男提到草雉剑的碎片藏在何处,热田神宫
平安百物语中古笼火是谁的守护式神,一目连
以下技能中附带控制效果是,暴风雪
头像框月见黑需要连续召唤不出ssr多少次,400次
挑战年兽副本需要消耗多少体力,12
御魂雪幽魂的四件套可能触发的效果是,冰冻目标
升级御魂需要消耗的道具或材料有哪一个,御魂
升级是神需要消耗的道具或材料不包含以下哪一个,神秘的符咒
千姬的海原贝戟生命值与千姬的哪个属性有关,攻击
千寿郎将什么作为兄长遗物送炭治郎,刀锷
以下技能中哪个无法减少队友受到的伤害,通灵冥蝶
潜伏在游郭的上弦之陆有几人,2人
以下哪些内容不可以在图鉴,查看式神等级
胧车结界卡可以提供什么额外奖励,八岐大蛇鳞片
美食结界卡可以提供什么额外奖励,式神碎片
清姬经历了谁的背叛之后化为了妖怪,恋人
挑战真八岐大蛇副本需要消耗多少体力,60
晴明所穿的衣服种类是,狩衣
剧情中草薙剑的碎片藏在何处,冥府
百鬼夜行中非鬼王R式神每次提供多少碎片,3
百鬼夜行中非鬼王ssr式神每次提供多少碎片,1
百鬼夜行中非鬼王sr式神每次提供多少碎片,2
百鬼夜行中非鬼王呱太式神每次提供多少碎片,1
木魅两件套,防御加成
以下哪个御魂的四件套效果为反弹所受到的伤害,镜姬
想要回顾已经解锁的主线剧情入口是,点击庭院大树前尘忆梦
剧情中赌上性命举行仪式暂时封印八岐大蛇的人是,京都的阴阳师
日和坊治疗友方的时机是,敌方回合结束时
以下哪个技能可以己方增加行动条,兔子舞
若樱花妖自身未处于无法动作以下哪个时机樱花妖会治疗友方,其他友方回合结束时
通过阴阳术不能做到的是,升级式神
御魂涅槃之火的四件套能出发的效果是,回复生命
可以为式神提供大量经验的道具是,招福达摩
通过暴食鬼可以做到的是,升级式神
商店寄售屋可以进行的操作是,其余选项皆对
觉醒材料有多少种类,4
上弦之参猗窝座第一次见炼狱杏寿郎便邀请他,成为鬼
召唤新式神需要消耗什么道具,神秘的符咒
商店杂货铺每周购买御灵境之钥的上限为,40
阴阳师平安物语第二季片尾曲叫什么,真夏绘卷
神龛中R级式神可以兑换多少御札,5片
神乐的技能通灵疾风的效果是,使一名队友立即获得行动机会
神乐与晴明第一次见面的地点是,黑夜山
升级经验酒壶需要消耗的道具是,勋章
升级式神需要消耗的道具或材料不包含以下哪一个,神秘的符咒
升级体力食盒需要消耗的道具是,勋章
升级御魂需要消耗的道具或材料有以下哪一个,御魂
声名大振,5000
声望达到多少可以每日挑战2只不同的地域鬼王,2000
声望达到多少可以每日挑战3只不同的地域鬼王,10000
食发鬼的姐姐是谁,烟烟罗
世界上最大的鲸,蓝鲸
世界上最小的鸟,蜂鸟
式神满足以下哪个条件才可以升星,达到当前最大等级
式神孟婆的坐骑妖锅的名字叫做什么,牙牙
是谁将灶门祢豆子变成了鬼,鬼舞辻无惨
守护历练每天可挑战多少次,5
数珠最多能获得多少个佛珠,6
斯灵物也香气闻数百里死尸在地闻气乃活此物乃是,返魂香
鎹song鸦的作用,联络消息
鎹鸦的作用是,联络消息
俗称四不像的动物是,麋鹿
俗称长生果的是指,花生
所有呼吸的起源是,日之呼吸
所有呼吸的起源是什么,日之呼吸
炭治郎第一次见无限列车以为他是,土地守护神
炭治郎头上的疤是怎么来的,被火盆烫伤
炭治郎在游郭如何安抚发狂的豆子,唱摇篮曲
挑战愤怒的石距副本需要消耗多少体力,45
挑战年兽副本需要消耗多少体力,12
挑战日轮之陨可以获得几种不同种类的御魂,4
初次见到灶门祢豆子是我妻善逸怎样看待祢豆子,她好可爱
挑战业原火副本需要以下哪种道具,其余选项皆对
挑战真八岐大蛇副本需要消耗多少体力,60
豆蔻年华是指几岁,13岁
铁鼠的口头禅是什么,家有一鼠如有一宝
铁鼠胸口的木牌上写的字是,奉纳
庭院中出现的扫地工小纸人的手是什么颜色,淡紫色
鬼舞辻无惨让猗窝座找的东西是,蓝色彼岸花
鬼灭之刃中鬼所厌恶的花是,紫藤花
通常人们在信尾写上此致敬礼这个此是指,信的内容
通过暴食鬼能做到的是,升级式神
通过阴阳术不能做到的是,升级式神
通过参加百鬼夜行可能获得什么,式神碎片
通过式神录不能做到的是,升级御灵
通过以下哪种方式可以获得荣誉,斗技
通过以下哪种方式可以获得勋章,其余选项皆对
炼狱杏寿郎的精神之核是什么颜色,红色
炼狱杏寿郎告诉父亲自己成为炎柱之后父亲的回答,无聊无谓
炼狱千寿郎将什么作为兄长遗物送给炭治郎,刀锷
头像框大阴阳师的获得方式是,为崽而战捌段前一百
炼狱槙寿郎通过什么认定灶门炭治郎使用的是日之呼吸,耳饰
六弦琴是什么乐器的别称,吉他
鳞泷左近次与灶门炭治郎的关系是,师徒
头像框玲珑锦簇的获得方式是,签到1234天
猫的尾巴与身体连成一条直线的时候表示,准备攻击
耄耋maodie之年指的是几岁,8090岁
马怎样睡觉的,站着睡
头像框守护者的获得方式是,每周结界突破前一千名
柠檬汁有什么营养含量,维生素A和维生素C
能提高身体排污能力的食物是,豆类
头像框月见黑的获得方式是,完成成就非洲阴阳师
七月流火形容的是,天气渐渐转凉
潜伏在游郭的上弦之陆有几人,2
我妻善逸的麻雀叫什么,啾太郎
人体最坚硬的部分,牙齿
人体那个关节活动幅度最大,肩关节
人在咀嚼食物是上下颌是怎样运动的,下颌碰上颌
弱冠是指多少岁,二十
我妻善逸最初见到豆子觉得她,好可爱
巫蛊师对哪个式神有特殊的执念,蝴蝶精
无限列车第一个醒来的是,炭治郎
无限列车一共有几节车厢,8节
无限列车中第一个从下弦之壹魇梦制造的梦境中醒来的人是,灶门炭治郎
三更半夜中的三更指的是几点,23点至凌晨1点
上弦之叁猗窝座第一次见炼狱杏寿郎便邀请他,成为鬼
匣中少女的手上拿着的是什么,人偶
匣中少女在友方行动后概率使其,获得护盾
匣中少女在友方行动后可以使其,获得护盾
五香除花椒茴香籽外还包括什么,八角桂皮丁香花蕾
下列动物中不能够眨眼的动物是,蛇
下列哪项是人体的造血器官,骨髓
我妻善逸的麻雀名叫,啾太郎
我妻善逸化名善子在游郭京极屋展现了什么特技,弹三味线
我妻善逸现在的发色是如何来的,被雷劈后变色
下面哪一个字用作表示顺序的第五位,戊
下列植物中不是岁寒三友的是,兰
下弦之壹魇梦最终与什么东西融为一体,无限列车
夏季在烈日下工作或运动量过大出汗时为预防中暑应多喝,盐开水
现世传说中破解挡住去路的墙壁妖怪涂壁的方法是,踹其墙根
下弦之壹魇梦最终与什么东西融为一体,无限列车
现世中达摩不倒翁有着祈愿之意为达摩画上右眼象征着,还愿
炎柱炼狱杏寿郎被在车站卖便当的少女用什么东西砸过,红豆沙面包
现世中红色的彼岸花被称作,曼珠沙华
现世中狐狸被视为主管丰产的稻荷神的使者被称作稻荷神的式神是,御馔津
与珠世同行的鬼是谁,愈史郎
一般钢琴是一连串八度音程区间所构成请问一音程中有几个黑键,5个
以下谁不是音柱宇髄天元的妻子,灶门祢豆子
宇髄天元出生什么世家,忍者世家
小白的哪只脚上装有脚环,左前脚
游郭篇的战斗中灶门炭治郎如何安抚鬼化发狂的灶门祢豆子,唱摇篮曲
以什么为媒介普通人也就可以进入魇梦制造的梦境,绳子
小松丸触发躲避时能附加哪种控制效果,挑衅
协同斗技玩法的入口在哪里,町中
协同斗技选择式神阶段玩家可以选择几位式神,5
灶门祢豆子平时咬在嘴里的东西是,竹筒
灶门祢豆子通过那种方式恢复体力,睡觉
悬赏封印的任务每天刷新几次,2
雪女的技能暴风雪可能对敌方造成什么效果,冰冻
雪童子的霜织庇护不能抵挡以下哪种效果,减速
嘴平伊之助的口头禅是,猪突猛进
嘴平伊之助第一次摘掉头套时我妻善逸的反应,长得像女生一样
灶门炭治郎遭遇的第一个十二鬼月是谁,累
灶门炭治郎在机能恢复训练时吹破了什么,葫芦
灶门炭治郎在参与最终选拔时遇到的鬼是谁,手鬼
灶门炭治郎使用哪一招式砍断了下弦之壹魇梦的脖子,火之神神乐
灶门炭治郎额头的伤疤是怎么出现的,被火盆烫伤
灶门炭治郎遇到鬼舞辻无惨时对方抱着的小孩对无惨的称呼是,爸爸
灶门炭治郎使用的水之呼吸有几种招式,十种
灶门炭治郎无法面不改色做的事情,撒谎
灶门炭治郎潜入游郭荻本屋时化名,炭子
以下材料或道具哪种不能通过花合战获得,御魂
以下材料或道具哪种不能在结界突破中获得,御行达摩
以下材料或道具哪种不能在秘闻副本中获得,插画券
灶门炭治郎额头的伤疤是为了保护谁留下的,弟弟
以下道具或材料哪种不能通过花合战获得,御魂
灶门炭治郎初次见到列车时认为它是,土地守护神
最终选拔的合格条件是在藤袭山存活几天,七天
在画画的时候如果绿色颜料用完了可以用哪几种颜色混合,混合黄色和蓝色
在炎热的夏天沟通过什么方式散热,张口呼吸
所有呼吸的起源,日之呼吸
在无限列车中第一个醒来的是谁,灶门炭治郎
一目连为抵抗洪水失去了什么,眼睛
巫蛊师对谁有特别的执念,蝴蝶精
以下呱太中谁最喜欢照镜子,大天狗呱
茨木童子的挚友是谁,酒吞童子
游戏剧情中谁是大江山众妖的首领,酒吞童子
荒的技能星辰之境所触发的效果,荒的协战
升级经验酒壶所要消耗的道具,勋章
晴明的御灵,神龙
青行灯在哪里第一次遇到凤凰火,凤凰林
以下技能不是帝释天的是,云海浮生
剧情中八百比丘尼长生不老是因为误食了,人鱼肉
以下技能中附加控制效果的是,暴风雪
以下技能中哪个无法减少队友受到的伤害,通灵冥蝶
剧情中是谁将在宫廷中沉睡的妖刀姬唤醒,荒
雪童子的刀的名字是,雪走
sr阶式神可以通过多少个碎片召唤,40
御馔津的真实身份是,稻荷神
式神中黑发黑帽的是,鬼使黑
手持木锤和草人的是,丑女之时
八百比丘尼在孔雀林中等待了晴明多久,三十年
拿着大人偶的女孩是指,傀儡师
谁手上系着气球,茨木呱
前来拜托晴明的是跳跳一家中的,跳跳妹妹
刹那莲华绽放恢复友方生命总量与帝释天的哪个属性有关,攻击
以下结界卡中可以获得体力的是,斗鱼
帮助几位后辈完成独当一面任务后可以获得誉满京都头像框,5
以下哪个不是彼岸花的技能,黄泉之海
以下哪个不是蝉冰雪女的技能,雪走
传记中谁与入殓师和一反木绵建立了深厚的情谊,织雪
多少个中级觉醒材料可以合成一个高级觉醒材料,8
风姿度达到多少可以解锁风姿銮华扇,8000
风姿度达到多少可以解锁风姿神霖羽,12000
好友结界寄养时长为,6小时
绘卷中歌姬不知火在哪里长大成人,离岛
绘卷中鬼童丸曾经的老师是,贺茂忠行
绘卷中教导铃鹿御前理解义理的力量的是,田村
以下哪个不是星熊童子的技能,海潮入梦
以下哪个不是御怨般若的技能,蚀骨
绘卷中寻找大妖的贺茂义心称不知火为,阿离
绘卷中与缚骨清姬爱恨纠缠的男子是,安珍
获得结界皮肤编心织忆后可以获得以下哪种加成,结界卡经验加成
获取结界皮肤折梦祈月后结界突破可以获得以下哪种加成,效果抵抗加成
以下哪个技能可以为己方提供鬼火,祸福相生
每周可以挑战多少次真八岐大蛇副本并获得奖励,2
以下哪个技能可以增加己方行动条,兔子舞
面灵气的恶面能为自身提供以下哪种效果,速度
面灵气的善面不能为友方提供以下哪种效果,速度
以下哪个技能是群体伤害技能,堕天
以下哪个技能是群体伤害技能,吸魂灯
以下哪个技能是阴状态的云外镜可施放的,云岸净空
以下哪个技能是治疗技能,治愈之光
头像框大阴阳师的获得方式是,为崽而战捌段前一百
头像框京都名士的获得方式是,为崽而战捌段前五百
头像框久相伴的获得方式是,签到999天
头像框千眷依的获得方式是,签到1500天
以下哪个式神没有获得鬼火的能力,追月神
以下哪个式神没有击退行动条的能力,面灵气
以下哪个式神没有驱散能力,天井下
以下哪个式神没有使敌方变形的能力,纸舞
以下宠物中喂养哪一个可以获得御魂加成,三花猫
以下幻境或结界中哪一个能由帝释天开启,王之盛宴
以下哪个式神没有召唤能力,鬼使黑
以下哪款APP每日签到能获得专属头像框,大神APP
以下哪个式神有获得鬼火的能力,缘结神
以下哪种方式不能获得增加式神亲密度的道具,御灵副本
以下皮肤中哪款不属于不知火,浮梦花烛
以下皮肤中哪款不属于缘结神,福禄金尊
以下哪个是骁浪荒川之主的特殊效果,屹立不倒
以下哪个是薰的技能,温柔的守护
以下式神中哪一个无法通过受到治疗恢复生命,云外镜
以下哪个是真正的鱼,鲫鱼
以下式神中谁不能使友方式神恢复血量,缚骨清姬
以下式神中谁不能为敌方附加孤立,天剑韧心鬼切
以下式神中谁不属于铃鹿山,泷夜叉姬
以下式神中谁曾为迷惑鬼切化身美女,茨木童子
以下式神中谁的武器是手里剑,风狸
以下式神中谁将铃鹿山的各项事物交予,铃鹿御前
以下哪个御魂的两件套属性不是效果抵抗,针女
以下哪个御魂的四件套效果为初次出场时获得鬼火,火灵
以下召唤物中谁具有最高的召唤优先级,缚骨清姬的蛇灵
御魂兵主部的两件套可能触发的效果是,攻击加成
御魂青女房的两件套可能触发的效果是,暴击加成
云外镜阳状态下昙无造成的伤害与自身的哪个属性有关,防御
八岐大蛇的不洁之力能提升友方目标的哪种能力,速度
八岐大蛇可使用哪个技能替代阴阳师,八岐之影
以下哪种方法可以获得逢魔之魂,其余选项皆对
兵俑施放坚不可破的效果是,其余选项皆对
不存在任何扣除鬼火上限的情况下鬼火的上限数是,8
不考虑御魂与技能斗技战斗开始时的鬼火数是,4
以下哪种控制效果不能被驱散,变形
不携带任何御魂的百目鬼能附加哪种控制效果,其余选项皆不对
不携带任何御魂的凤凰火能附加哪种控制效果,眩晕
以下哪种能力是镰鼬无法拥有的,击退行动条
以下哪种能力是天剑韧心鬼切无法拥有的,无法选中
以下哪种能力是天井下无法拥有的,驱散控制效果
以下哪种能力不包含在星熊童子被动技能中,减少受到的暴击伤害
不携带任何御魂的孟婆能附加哪种控制效果,沉默
以下哪种能源不属于清洁能源,煤炭
以下哪种伤害会触发目标的被动,残阳无影不动
不携带任何御魂的雪童子能附加哪种控制效果,冰冻
以下那种方式可以避开魇梦让人陷入梦境的强制倒睡眠眼,避免对视
以下皮肤中哪款不属于彼岸花,月明竹幽
不知火星火结界下的额外普攻以下哪种描述是的,其余选项皆对
施放的无尽剑狱会在什么时机关闭,的下一回合结束
以下皮肤中哪款不属于鬼切,琥珀龙魂
对于鬼童丸附加骸之锁的目标以下哪种说法是的,无法受到改变行动条的效果
鬼火行动条的格数是,5
以下皮肤中哪款不属于妖刀姬,冬岚之刃
鬼火行动条第二次推进到5格时获得的鬼火数是,4
鬼火行动条第三次推进到5格时获得的鬼火数是,5
鬼火行动条首次推进到5格时获得的鬼火数是,3
鬼切攻击后最多会追加多少次对敌方全体的斩击,1
鬼童丸在修罗状态下总共能施放几次猎魂狂杀,3
鬼王酒吞童子施放天火怒焱不包含以下哪种效果,提升速度
狐影守吸收伤害总量与白藏主的哪个属性有关,生命上限
化鲸的齿甲触发的真实伤害上限与携带者的哪个属性有关,攻击
化鲸的体甲的携带者在行动前治疗生命与化鲸的哪个属性有关,生命上限
辉夜姬的幻境是由哪个技能创造的,龙首之玉
烬天玉藻前施放焚天九尾进行多少次攻击,9
久次良施放方圆之备使友方全体获得什么效果,获得护盾
久次良施放鱼鳞之备使友方全体获得什么效果,增加行动条
铃鹿御前的其中一把武器名是,逐影
聆海金鱼姬的被动护盾吸收伤害量与其哪个属性有关,攻击
聆海金鱼姬对友方单位的治疗与自身的哪个属性有关,攻击
以下式神中传说能给人们带来财富的是,惠比寿
以下式神中吹奏笛子控制妖怪们的是,大天狗
泷夜叉姬在战斗开始时能提升以下哪种属性100,暴击抵抗
日和坊存储日光能量的方式是,其余选项皆对
以下式神中对人类抱有极强恨意的是,般若
以下式神中额头上没有犄角的是,椒图
天书攻心的间接伤害上限与书翁的哪个属性有关,生命
以下式神中黑发黑帽的是,鬼使黑
以下式神中会吃人的是,小松丸
以下式神中精通女红的是,小袖之手
雪童子的霜织庇护不能抵挡以下哪种效果,减速
阎魔觉醒的增强效果是,速度增加
以下式神中居住在深山中的是,以津真天
以下哪个不是化鲸的技能,鲸骨开
以下式神中觉醒前头上没有面具的式神是,大天狗
以下哪个式神的技能无法降低敌方暴击,薰
以下哪个式神的技能无法使友方获得护盾,惠比寿
以下哪个式神开启的结界有代替承受伤害的效果,白藏主
以下哪个式神没有复活友方的能力,白童子
以下式神中没有面具的是,狸猫
以下式神中没有手的是,灯笼鬼
以下式神中没有尾巴的是,雪女
以下式神中目不能视的是,判官
以下哪个式神没有使敌方中毒的能力,一反木绵
以下式神中哪个在攻击沉睡目标时不会让其苏醒,食梦貘
以下哪个式神没有造成间接伤害的能力,般若
以下式神中哪一个能为友方提供护盾,其余选项皆对
以下哪个式神能解除眩晕效果,鬼灯
以下式神中哪一位来自冥府,阎魔
以下哪个式神有加快推进鬼火行动条的能力,追月神
以下哪个是大天狗的技能,钢铁之羽
以下哪个是孟婆的技能,天降之物
以下式神中哪一位是可爱的女孩子,座敷童子
以下式神中能看穿人心阅读他人记忆的是,百目鬼
以下哪个是阎魔的技能,怨魂重压
以下哪个效果是星熊童子附加的,众矢之的
以下式神中人身鱼尾的是,鲤鱼精
以下哪种控制效果会使自身处于无法动作,变形
以下哪种控制效果能被驱散,封印
以下式神中擅长演奏的是,妖琴师
以下式神中擅长演奏的是,妖琴师万年竹
以下式神中谁被称为铃鹿山的少主,大岳丸
以下式神中谁被贺茂家流放至修罗鬼道,鬼童丸
以下哪种印记与面灵气无关,白面
以下式神中谁被觉称为酒鬼,狸猫
以下式神中稀有度最低的是,星熊童子
樱花妖施放樱吹雪有以下哪个效果,其余选项皆对
御魂蚌精的四件套可能触发的效果是,获得护盾
御魂地藏像的四件套可能触发的效果是,获得护盾
御魂反枕的四件套可能触发的效果是,使目标沉睡
御魂返魂香的四件套可能触发的效果是,眩晕伤害者
御魂轮入道的四件套可能触发的效果是,获得额外行动机会
御魂木魅的四件套可能触发的效果是,削减鬼火
御魂日女巳时的四件套可能触发的效果是,击退行动条
御魂招财猫的四件套可能触发的效果是,获得鬼火
御魂珍珠的四件套可能触发的效果是,使被治疗目标获得护盾
御魂狰的四件套可能触发的效果是,反击
御魂薙魂的四件套可能触发的效果是,分担伤害
在放逐敌方目标过程中普攻增加以下哪种效果,其余选项皆对
以下式神中谁的尾巴数最多,三尾狐
战斗开始时处于阳状态的云外镜能获得以下哪个效果,镜佑
R阶式神可以通过多少个对应的式神碎片召唤获得,30
SSR式神两面佛的获取方式是,碎片合成
以下式神中谁的眼睛最少,山童
白狼进入冥想状态后下次行动会增加自身的哪一种属性,暴击伤害
白狼擅长的是,弓箭
以下式神中谁讲述了入殓师和一反木绵的故事,天井下
以下式神中谁可以帮助友方式神抵挡控制效果,花鸟卷
以下式神中谁没有办法治疗队友,凤凰火
以下式神中谁能操纵敌方式神,帝释天
百鬼夜行中非鬼王SSR级式神每次可以提供多少碎片,1片
百鬼夜行中非鬼王呱类式神每次可以提供多少碎片,1片
百鬼弈玩法的入口在哪里,町中
被椒图的技能涓流链接的式神每次行动后恢复椒图百分之多少的生命值,5
博雅与晴明第一次见面的地点是,黑夜山
以下式神中声优和其他不一样的是,桃花妖
以下式神中声优和其他不一样的是,童男
除了哪一项其他都是每日签到可能获得的奖励,新式神
传记中彼岸花呱在阎魔呱偷偷归还衣服的时候为她准备了什么,伤损药膏
以下式神中手持巨大石锤的是,山童
以下式神中手持巨大妖刀的是谁,妖刀姬
以下式神中手持毛笔的是,书翁
以下式神中手持木锤和草人的是,丑时之女
传记中海坊主为何要打劫并威胁渔夫们,保护渔夫
传记中荒川呱遇到荒川之主后做了什么,跪地求饶
传记中络新妇是被什么东西蚕食肉体而后化为妖怪的,毒蜘蛛
以下式神中手持一杆长烟的是,食发鬼
以下式神中手持一杆长烟的是,烟烟罗
传记中三尾狐在樱花树下初遇并仰慕的人是,巫女大人
传记中山童的绿子姐姐被哪种妖怪抓走了,河童
以下式神中手持折扇的是,弈
传记中是谁欺负铁鼠抢走了它的轮子,九命猫
传记中谁将两面佛封印了百余年,晴明
传记中天才棋师弈在最后一场棋局中同时与多少人对弈,十人
传记中天才棋师弈最后输给了谁,恋人
传记中跳跳妹妹是如何称呼妖狐的,叔叔
以下式神中手上提着灯的是,提灯小僧
传记中巫蛊师对谁有着特别的执念,蝴蝶精
以下式神中手上提着灯的是,兔丸
以下式神中说话的时候会在句尾加上喵的是,九命猫
以下式神中四处云游喜欢去人迹罕至的地方的是,书翁
传记中妖刀姬呱参加试胆大会被谁骗走了钱财,铁鼠
以下式神中头上没有角的是,酒吞童子
传记中妖琴师为谁而奏曲,虫子
传记中一目连失去的眼睛是哪只,右眼
传记中一目连为抵抗洪水而失去了什么,眼睛
穿着僧袍的鼠妖指的是,铁鼠
茨木呱的妹妹是谁,辉夜姬呱
茨木童子的手臂是被哪把刀砍断的,鬼切
以下式神中血量越低技能攻击伤害越高的是,吸血姬
茨木童子失去的是哪只手,右手
大天狗呱的扇子写着什么字,呱
以下式神中因曾连累过朋友而感到自责的是,狸猫
单人挑战御魂或觉醒副本的一到十层需要消耗多少体力,6点
以下式神中有兄弟或姐妹的是,童男鬼使黑跳跳弟弟
以下式神中有兄弟或姐妹是谁,鬼使黑
以下式神中有兄弟或姐妹是谁,跳跳弟弟
独眼小僧背着的石僧是他的,师父
以下式神中有兄弟或姐妹是谁,跳跳妹妹
以下式神中有兄弟或姐妹是谁,童男
坊间传说荒川之主的性格是,暴烈性躁
以下式神中鱼头人身的是,海坊主
非酋系列成就的奖励包含,其余选项皆对
粉色头发的毒舌女孩指的是,觉
奉为达摩的眼睛是怎样的,都是黑色
河童在游戏与现世中都有着类似的形象它的身体特征是,其余选项皆对
以下武器中哪个属于大岳丸,八尺琼勾玉
以下选项中会影响到阴阳寮顺位的是,斗技总积分
花鸟卷呱憧憬的对象是谁,花鸟卷
花鸟卷呱为了模仿花鸟卷引起谁的不满,妖刀姬呱
以下妖怪中手持风筝的是谁,天邪鬼青
荒川中最强大的妖怪是,荒川之主
荒的技能星辰之境所触发的幻境附带以下哪一个效果,荒的协战
以下阴阳师中谁可以复活友方式神,八百比丘尼
荒骷髅在什么地区附近出现,三途川
荒作为神的使者最初降临在哪里,海边的村庄
辉夜姬的技能龙首之玉所触发的幻境没有以下哪一个效果,生命值增加
辉夜姬的普攻技能叫做,蓬莱玉枝
辉夜姬的坐骑是什么,竹子
绘卷中虫师苦苦追寻的那位大人是,一目连
绘卷中鬼切替谁挡下了酒吞童子致命的一击,源赖光
阴阳寮宴会中最高档次料理是,本膳料理
阴阳师达到多少级百鬼夜行可以邀请好友,10
绘卷中面灵气的面具是由谁制作而成的,秦川胜
阴阳师等级达到多少级百鬼夜行中才会出现SP阶式神,60
阴阳师庭院中出现的扫地工小纸人的手是什么颜色,淡紫色
阴阳宴会每周最多开启几次,2次
绘卷中是谁教唆面灵气舍弃一切的,狐面
樱花妖施放樱吹雪有以下哪个效果,其余选项皆对
萤草的治疗与自身的哪个属性相关,攻击
永久勾玉卡多少小时可以领取一次5勾玉,6
绘卷中雪童子的本体是,挂上玉藻前佩刀的雪人
绘卷中玉藻前为何想要毁灭京都,痛失子女
惠比寿的技能鲤鱼旗鲤鱼旗最多继承惠比寿百分之多少生命,60
获得头像框月见黑需要连续多少次召唤不出SSR,400
技能钱即正义消耗几点鬼火,2
觉醒材料有几种,4
教唆红叶食人的人是谁,黑晴明
介绍了诸多式神之间羁绊的泡面番阴阳师平安物语其片尾曲叫做,起风了
游戏中许多式神都有着对应的同人歌曲创作黑风凯歌是属于谁的,大天狗
游戏中诸多元素都与鲤鱼旗有关现世中它们是什么节日的象征,男孩节
九命猫有几条尾巴,2
酒吞呱的好朋友是谁,茨木呱
剧情中暗恋鲤鱼精的妖怪是谁,河童
御魂贝吹坊的四件套可能触发的效果是,抵挡伤害
剧情中八百比丘尼在孔雀林中等待了晴明多久,三十年
剧情中白狼的救命恩人是以下哪一位阴阳师,源博雅
剧情中草薙剑的碎片藏在何处,冥府
剧情中茨木童子常常挂在嘴边的一句话是,挚友啊
剧情中赌上性命举行仪式暂时封印八岐大蛇的人是,京都的阴阳师
剧情中凤凰火请求晴明将谁从孔雀林中带走,八百比丘尼
剧情中黑晴明教唆谁吃人肉来保持美貌,鬼女红叶
御魂火灵的四件套可能触发的效果是,获得鬼火
剧情中黑晴明想要破坏守卫京都的四神结界中名字有误的是,白狐
剧情中黑童子和白童子成为了谁的弟子,鬼使黑和鬼使白
剧情中荒作为高天原的使者与阎魔和神乐对话高天原代表的是,天界
剧情中将神乐抓到黑夜山的妖怪是谁,食发鬼
御魂破势的两件套可能触发的效果是,暴击加成
剧情中金鱼姬想要向谁报复,荒川之主
剧情中金鱼姬邀请谁参加了女子会,荒
剧情中救了青行灯的人是谁,凤凰火
剧情中傀儡师和她的哥哥沉睡在何处,三途川中
剧情中没有伴随晴明释放阴阳分离之术而失忆的式神是,其余选项皆对
剧情中没有在梦境中出现过的妖怪是,辉夜姬
剧情中晴明为了击败八岐大蛇在寻找什么道具,草薙剑
剧情中食发鬼最终折服于谁的容貌,晴明
剧情中是谁告诉晴明草薙剑的碎片在冥界,黑晴明
御魂珍珠的四件套可能触发的效果是,使被治疗目标获得护盾
御魂狰的四件套可能触发的效果是,反击
剧情中是谁杀害了犬神的好友雀,九命猫
剧情中谁曾是晴明失忆前的式神,九命猫
剧情中跳跳一家中的谁误入了冥界,跳跳哥哥
剧情中童男提到草薙剑原本应该存放在,热田神宫
剧情中雪女和大天狗追随的阴阳师是谁,黑晴明
缘结神共能赐予友方式神几种缘结,4
剧情中樱花妖的夫君是谁,忠义
剧情中萤草的救命恩人是以下哪一位式神,白狼
剧情中在黑夜山扰乱玄武守护结界的是谁,大天狗
剧情中在梦境中诱拐神乐的妖怪是谁,巫蛊师
剧情中在西大街扰乱白虎守护结界的是谁,两面佛
剧情中在鸭川河扰乱青龙守护结界的是谁,荒川之主
在剧情中最初的那一只食梦貘吞噬了谁的噩梦,黑晴明
剧情中在朱雀门扰乱朱雀守护结界的是谁,雪女
可以在秘卷屋中兑换的道具有,其余选项皆对
在平安京大街上赛跑的妖怪们是,山兔和孟婆
傀儡师是如何称呼背后的傀儡的,哥哥
镰鼬三兄弟的长兄叫做,一太郎
两面佛的两面分别是什么,风神雷神
在座敷童子剧情中座敷童子为了谁而抓走小妖怪,母亲
灶门祢豆子木箱原材料雾云杉拥有何种特征,非常轻
满足什么条件后就能够将式神放置于庭院内,解锁传记一至三
每周第一次分享式神图鉴或者召唤结果时能获得的奖励是,神秘的符咒
灶门祢豆子咬的竹筒是谁让她咬的,富冈义勇
灶门祢豆子咬着竹筒是因为,防止伤人
孟婆的好朋友是谁,山兔
灶门炭治郎的日轮刀颜色是,黑色
灶门炭治郎的头发是什么颜色,偏红色
灶门炭治郎第一次见到鬼舞辻无惨是在,东京府浅草
面具的细节不同象征着的妖怪也不同红脸高鼻式的面具是属于谁的,大天狗
冥界的引路人指的是,鬼使黑和鬼使白
冥界中谁持夺命墨笔一支定人生死,判官
冥界中谁拥阎魔之目一双审善度恶,阎魔
哪个呱太在出门前总要检查口脂有没有涂得完美对称,彼岸花呱
拿着大人偶的女孩指的是,傀儡师
平安百物语中虫师的好朋友是谁,古笼火
灶门炭治郎遇到鬼舞社无惨时对方抱着的小孩对无惨的称呼是,爸爸
平安百物语中茨木呱的右臂怎么了,藏在袖子里
灶门炭治郎在机能恢复训练时吹破了什么东西,葫芦
灶门炭治郎在哪里参加了最终选拔,藤袭山
平安百物语中呱太们入侵京都是为了什么,毁灭京都
平安百物语中金鱼姬征服世界道路上第一个想要打败的人是,荒
平安百物语中酒吞童子第一次见到酒吞呱时感受如何,觉得可爱
平安百物语中谁梦想成为京都的明星,蝴蝶精
器物经百年得化为精灵诓骗人心例如唐纸伞妖人们称之为,付丧神
青行灯的技能吸魂灯每次对一名敌方最多可能吸取几点鬼火,1
青行灯是在哪里第一次遇到凤凰火的,凤凰林
中暑的时候应喝什么,盐水
晴明的御灵是,神龙
自然界中有智慧元素之称的是,碘
晴明在失忆前提前准备了哪一只式神应对紧急情况,小白
犬神觉醒前背后的房子上写的是,犬屋敷
日和坊背着的娃娃叫做,晴天娃娃
山童最喜欢吃的食物是什么,饭团
山兔的坐骑是什么动物,蛙
嘴平伊之助战斗时使用几把日轮刀,2把
最终选拔存活几天,7天
挑战石距副本需要消耗多少体力,30
跳跳妹妹的宠物狗的名字是,番茄
庭院中地藏像前有使用七曜记日的木牌关于七曜日其的排序是,日月火水木金土
庭院左边活动灯笼许愿架上站着什么动物,乌鸦
通过式神录不能做到的是,升级御灵
通过阴阳术不能做到的是,升级式神
通过参加百鬼夜行可能获得什么,式神碎片
童男曾被委任调查三大神器之一的下落以下不是三大神器的是,天羽羽斩
头像框守护者的获得方式是,每周结界突破前一千名
头像框乌帽子的获得方式是,每周斗技前一百名
头像框月见黑的获得方式是,完成成就非洲阴阳师
土蜘蛛在什么地区附近出现,青之森
现世传说中晴明之母葛叶的原型是,白狐
现世中达摩不倒翁有着祈愿之意为达摩画上左眼象征着,许愿
现世中犬神的种类属于,柴犬
想要回顾已经解锁的主线剧情入口是,点击庭院大树前尘忆梦
雪女的技能暴风雪可能对敌方造成什么效果,冰冻
雪童子因为沾染了谁的妖气才获得了长久的生命,玉藻前
一目连呱把谁当做妹妹来照顾,妖刀姬呱
以下呱太中视力不好的是,两面佛呱
以下呱太中手上系着纸鹤的是,花鸟卷呱
以下呱太中谁经常在胧车出发前迟到,彼岸花呱
以下呱太中谁是天然黑擅长补刀,辉夜姬呱
以下呱太中谁为了引起他人注意而摆出奇怪的姿势,荒呱
以下呱太中谁最怕黑,妖刀姬呱
以下呱太中因平衡感极差而常常摔下木轮车的是,阎魔呱
以下呱太中最给别人添麻烦的是,茨木呱
以下技能中哪一个可以封印目标式神的御魂效果,嫉恨之心
以下技能中哪一个是群体攻击技能,千羽风之舞
以下技能中能够沉默敌人的技能是,天降之物
以下技能中能够驱散友方的减益效果的是,天之泪
以下技能中能够提高友方速度的技能是,余音
以下角色中谁不会吹笛子,酒吞童子
以下角色中谁是玉藻前的好友,葛叶
以下结界卡中可以获得勾玉的是,太鼓
以下哪个不是丑时之女的技能,穿针引线
以下哪个不是椒图的技能效果,冰冻攻击目标
以下哪个不是镰鼬的技能,鬼袭
现世中立春前一天被称为节分人们为了驱邪纳福会,其余选项皆对
以下哪个不是铁鼠的技能,家财万贯
以下哪个场景可能出现小纸人,其余选项皆对
以下哪个技能可以保护队友,言灵守
小白拥有几条尾巴,两条
小鹿男的技能可以造成的效果是,其余选项皆对
以下哪个技能可以为己方提供鬼火,福祸相生
以下哪个技能是嘲讽技能,坚不可破
雪童子的雪兔子的名字是,雪丸
以下哪些内容不可以在图鉴查看,式神等级
薰身边的鸟类伙伴是什么鸟,鸮
妖狐试图掳走的妖怪是,鲤鱼精
以下式神中背后长有蝙蝠翅膀的是,吸血姬
以下式神中被称为百物语之主的是,青行灯
以下式神中被称为森林之王的是,山风
以下呱太中谁的手上系着气球,茨木呱
以下式神中曾为家国而战投身战争的是,首无
以下式神中曾喜欢吃紫苏的是,吸血姬
以下式神中沉默寡言的是,黑童子
以下式神中从画中而生的是,花鸟卷
以下式神中黑发白帽的是,白童子
以下式神中居住在森林中的是,虫师
以下式神中居住在森林中的是,小松丸
以下式神中惧怕下雨天的是,日和坊
以下式神中可以为人们带来财富的是,其余选项皆对
以下式神中来自高天原的是,御馔津
以下式神中没有翅膀的是,山童
以下技能中能够保护友方的技能是,风神之佑
以下式神中擅长舞蹈的是,樱花妖
以下式神中身上带有面具的是,般若
以下式神中身上带有面具的是,鸦天狗
以下式神中手持巨大毛笔的是,判官
以下式神中手持巨大蒲公英的是,萤草
以下式神中手持扇子的是,椒图
以下结界卡中可以获得金币的是,伞室内
以下式神中手持折扇的是,荒川之主
以下式神中手持折扇的是,妖狐
以下式神中手持纸伞的是,姑获鸟
以下式神中手上拿着琴的是,孟婆
以下哪个不是探索关卡妖怪可能携带的加成,秘宝小纸人加成
以下式神中谁被觉称为爱哭鬼,童女
以下式神中谁被觉称为偷窥狂,河童
以下式神中谁并没有被恋人背叛,樱花妖
以下哪个技能可以沉默敌人,怨魂重压
以下哪个技能可以复活队友,桃华灼灼
以下式神中谁常常告诫人们不要靠近森林,小松丸
以下式神中谁从小就是孤儿,小鹿男
以下式神中谁的眼睛最多,赤舌
以下哪个技能是单体伤害技能,无我
以下式神中谁是荒川之主口中的小矮子,金鱼姬
以下式神中说话的时候会在句尾加上喵的是,九命猫
以下式神中头上插着一根箭的是,跳跳哥哥
以下哪个御魂的2件套属性不是暴击,阴摩罗
以下哪个御魂的2件套属性不是效果抵抗,针女
以下哪个御魂的4件套效果为初次出场时获得鬼火,火灵
以下哪个御魂的4件套效果为反弹所受到的伤害,镜姬
以下哪项是鬼使黑和鬼使白的工作,引导亡魂
以下式神中由竹子所化的是,万年竹
以下式神中白发白帽的是,鬼使白
以下式神中白发黑帽的是,黑童子
以下式神中站在地上的是,妖刀姬
以下式神中自称老朽的是,青蛙瓷器
以下式神中自称小生的是,妖狐
以下式神中不会飞的妖怪是谁,萤草
以下妖怪中被称为风神的是谁,一目连
以下妖怪中能够吞食噩梦的是,食梦貘
以下妖怪中手里把玩剑玉的是谁,天邪鬼赤
以下妖怪中喜欢打鼓的是谁,天邪鬼黄
阴阳寮采办的经验加成每次战斗胜利可以额外提升多少经验奖励,01
阴阳寮祈愿有可能获得什么,式神碎片
以下式神中戴着面具手持长刀的是,鸦天狗
阴阳寮宴会中便当包含的食材有,其余选项皆对
阴阳寮宴会中可以吃到的料理不包括,拉面
樱花妖的好朋友是谁,桃花妖
用以下哪种道具是无法召唤出SSR式神的,破碎的符咒
游戏剧情中大江山鬼族之王酒吞童子被谁所击杀,源赖光
游戏剧情中谁是大江山众妖中的首领,酒吞童子
游戏剧情中喜欢帮助弱者盗取田中之水狮鼻通体赤红的妖怪是,赤舌
游戏内常出现的鲤鱼旗因崇鲤文化而生现世中鲤鱼是什么的象征,其余选项皆对
游戏中天邪鬼一共有几种,4种
游戏中使用寿司来代表阴阳师的体力这种寿司的种类是,军舰卷
御行达摩的眼睛是怎样的,左黑右白
御魂火灵的四件套可能触发的效果是,获得鬼火
御魂木魅的两件套可能触发的效果是,防御加成
御魂涅槃之火的四件套可能触发的效果是,回复生命
御魂破势的两件套可能触发的效果是,暴击加成
御魂树妖的四件套可能触发的效果是,治疗加成
御魂网切的四件套可能触发的效果是,无视目标部分防御
御魂心眼的两件套可能触发的效果是,攻击加成
以下式神中哪个能给人们带来财富和幸运,座敷童子
御魂薙魂的两件套可能触发的效果是,生命加成
御馔津的真实身份是什么,稻荷神
以下式神中哪一位生活在三途川边,彼岸花
以下式神中哪一位是可爱的男孩子,般若
在断桥上一直等待夫君归来的妖怪是,雨女
在剧情中最初的那一只食梦貘吞食了谁的噩梦,黑晴明
以下式神中人身蛇尾的是,清姬
以下式神中人身鱼尾的是,椒图
在七角山秘闻剧情中谁帮助晴明寻找白狼,萤草
在主线剧情中身体被枷锁束缚的是,跳跳弟弟
以下式神中擅长演奏的是,万年竹
召唤新式神需要消耗的道具是,神秘的符咒
鸩的哪个部位有剧毒,羽毛
组队挑战巫女大蛇悲鸣时需要消耗多少体力,8点
以下式神中生活在荒川的是,金鱼姬
多少级可以邀请好友百鬼夜行,10级
顶破天打一字,夫
小花的爸爸有3个儿子大儿子叫大毛二儿子叫二毛三儿子叫什么,小花
火猜一成语,灭顶之灾
袭人芳官伴宝玉猜一成语,花花公子
一条小小虫自己做灯笼躲在灯笼里变个飞仙女猜昆虫,蚕
正五边形有多少条对角线,5
杀颜良诛文丑温酒斩华雄猜一成语,性命攸关
下列哪个数字被6整除被5除余3被4除余2,18
以下式神中手持小折扇的是,金鱼姬
以下式神中手持小折扇的是,追月神
娘子娘子身似盒子麒麟剪刀八个钗chai子打一动物,蟹将
导游猜一成语,引人入胜
桌面上有10只点燃的蜡烛一阵风吹灭了3只一夜过后桌上还剩几只蜡烛,3
有面无口有脚无手听人讲话陪人吃酒打一日常用品,桌子
三线电缆中的红色线是,火线
头戴红顶帽身穿白布妖走路像摇船说话像驴叫猜动物,鹅
以下式神中手持纸伞的是,雨女
撼山易撼隋文帝难猜一成语,坚不可摧
以下式神中手上拿着琴的是,妖琴师
手无寸铁猜一字,控
一个说可以一个说凑合还有一个无所谓猜一成语,行将就木
坐也是卧立也是卧行也是卧卧也是卧猜动物,蛇
前面来只船舵手在上边来时下小雨走后路已干打一日常用品,烫斗
无脚也无手身穿鸡皮皱打一动物名,海毛虫
一口吃掉牛尾巴猜一字,告
以下式神中谁不是水生妖怪,九命猫
以下式神中谁曾是一位僧人,青坊主
左手五个右手五个拿去十个还剩十个打一日常用品,手套
白天草里住晚上空中游金光闪闪动见尾不见头猜昆虫,萤火虫
以下式神中谁的梦想是统治世界,金鱼姬
一根绳子对折2次后从中剪断绳子变为几段,5
一条怪牛两条圆腿骑他肚上抓他双角猜交通工具,自行车
以下式神中谁的眼睛最少,独眼小僧
武大郎设宴猜一成语,高朋满座
以下式神中谁的眼睛最少,天邪鬼黄
池里不见水地上不见泥猜一字,也
一个师父最多同时拥有几个徒弟,9
以下式神中谁喜欢和小妖怪们玩耍,阎魔
两眼外秃大嘴巴有个尾巴比身大青草假山来相伴绽放朵朵大红花打一动物,金鱼
盲人摸象猜一成语,不识大体
瑞气升腾罩金乌猜一成语,蒸蒸日上
一个人3块钱买了一只鸡5块钱卖掉然后6块钱又买了回来7块钱卖掉他赚了多少,3
以下式神中为了躲避人类追捕而四处漂泊的是,以津真天
以下式神中稀有度最高的是,雪女
以下式神中喜欢讲故事的是,青行灯
以下式神中喜欢摇着手鼓跳舞的是,蝴蝶精
以下式神中想要和哥哥永远在一起的是,傀儡师
黄金布包银条中间弯弯两头翘猜水果,香蕉
以下式神中以面色鲜红的形象出现的是,提灯小僧
以下式神中以僧人形象登场的是,其余选项皆对
小时像逗号在水中玩耍长大跳得高捉虫是冠军打一动物名,青蛙
屋里一座亭亭中有个人天天荡秋千不荡就有病打一日常用品,钟摆
勐将百余人无事不出城出城就放火引火自烧身打一日常用品,火柴
一个直角三角形斜边长10一条直角边长6请问另一条直角边多长,8
以下式神中有兄弟或姐妹是谁,跳跳哥哥
七仙女嫁出去一个猜一成语,六神无主
打断念头猜一字,心
以下式神中有兄弟或姐妹是谁,童女
老大人联欢猜一成语,非同儿戏
十月十日出售猜一常用词语,卖萌
失足青楼连栽跟头猜一成语,红尘仆仆
和尚打伞打一成语,无法无天
以下式神中坐在锅妖上的是,孟婆
田猜一成语,挖空心思
举重比赛猜一成语,斤斤计较
军火外销猜一成语,出口伤人
身无分文想学魔术猜一成语,穷则思变
悟空思做遮体裙猜一成语,与虎谋皮
云长义子性随和猜一成语,平易近人
3个空啤酒瓶可以换1瓶啤酒18瓶空啤酒瓶最多可以免费喝几瓶啤酒,9
父母之命媒妁之言猜一成语,不由自主
阴阳寮宴会料理的品级不包括,良品
三更半夜中的三更指的是几点,23点至凌晨1点
买回来的蔬菜最好在清水中浸泡多长时间可除掉大部分残留农药,3060分钟
按照长沙标准碎玻璃属于哪种垃圾,可回收物
阿姆斯特朗登上月球后说了个人的一小步后一句是什么,人类的一大步
大气中起吸收紫外线保护地球生命作用的是哪种成分,臭氧
世界上最大的动物是,蓝鲸
乘座二轮摩托车时,须带安全帽
按照长沙标准榴莲壳属于哪种垃圾,干垃圾
被称为液体面包的是,啤酒
冰箱或空调泄露的哪种物质会破坏大气层臭氧层,氟利昂
经常被用来辨别方向的北极星是属于哪个星座的,小熊星座
按照宁波标准以下不属于厨余垃圾的是,速冻食物包装盒
多少周岁以下儿童不能骑自行车上街,12
下列哪项不是端午节的习俗,登高采菊
按照长沙标准以下不属于干垃圾的是,花生壳
新冠病毒的主要传播途径是,飞沫传播
骨质疏松症主要是身体缺乏那种矿物质,钙
如果炒菜时油锅起火应该使用哪种抢救措施,迅速盖上锅盖关闭煤气
我们通常所说的干冰是哪种气体的固态存在方式,二氧化碳
唐代重要人员的官方护照叫什么,过所
一寸光阴一寸金是形容什么,时间宝贵
御魂雪幽魂的四件套可能触发的效果是,冰冻目标
按照长沙标准小龙虾属于哪种垃圾,湿垃圾
敖包相会中的敖包是,石堆
源博雅对于做什么事情没有抵抗力,与强者比试
在爱上鲤的美剧情中掳走鲤鱼精的妖怪是谁,妖狐
出现食物中毒症状或者误食化学品时最先采取的急救措施是,催吐
打蛇打七寸的七寸是指,心脏
在满足什么条件后就能够更换式神皮肤,不需要觉醒也能换
在平安百物语中的铁鼠轶闻剧情里铁鼠骗取了谁的钱财,镰鼬
唐朝时利用机械将冷水送向屋顶任其沿檐直下形成人造水帘的降温场所叫什么,自雨亭
按照长沙标准珍珠奶茶的珍珠属于哪种垃圾,湿垃圾
在火灾扑救中要坚持什么指导思想,救人第一
流行语世界那么大我想去看看出自于哪里,辞职信
招福达摩的眼睛是怎样的,都是白色
常见的贫血一般是缺什么,铁
车辆没停稳之前,不准开车门和上下人
穿什么裤子最显年轻,纸尿裤
组队挑战御魂或觉醒副本的一到十层需要消耗多少体力,4点
西游记中鲇鱼怪奔波儿灞的音译源自那个一少数民族的语言,藏族
白色污染是指什么,塑料废弃物造成的污染
能提高身体排污能力的食品是,粗粮豆类海藻
动画片中舒克贝塔历险记中舒克是什么职业,飞行员
以下食品中铅含量最高的是,松花蛋
蟋蟀是靠什么发出鸣叫声的,翅膀
犬子这一称唿的盛行和下列哪位历史人物有关,司马相如
以下哪个不是五福临门中的一个福,聪慧
以下哪个不是引起电气设备火灾的原因,消耗电量小
小明对妈妈说妈妈我饿了妈妈我饿了妈妈我饿了为什么,重要的事情说三遍
交通信号灯中红灯表示禁止通行绿灯表示准许通行黄灯表示什么,警示
翡和翠指的是同一种颜色吗,不是
鼻子朝天嘴巴朝地敲它一锤惊天动地打一日常用品,大钟
小明与小强比赛爬楼梯小明爬到3楼时小强到4楼小明爬到7楼时小强到几楼,10
安全驾驶汽车驾驶人不应该穿哪种鞋子,拖鞋
几月几日是我国的植树节,3月12日
传说每年平安夜晚圣诞老人送礼物时乘坐的雪橇是什么动物拉的,驯鹿
人体含水量百分比最高的器官是,眼球
以下哪项不属于交通信号,交通宣传广告
在加油站为汽车加油时可以做以下哪种行为,购买矿泉水
请问括号中最适合的数字是几,13
摩托车后座不得乘坐未满多少周岁的未成年人,12
有风不动无风动不动无风动有风猜一物,扇子
人体具有解毒作用的内脏是,肝脏
我国历代船工海员渔民所信奉的神祇是谁,妈祖
按照长沙标准过期药物属于哪种垃圾,有害垃圾
颜值是用来评价一个人哪一方面的,长相
垃圾经公众分类投放后成为公众所在小区或社区的区域性,准公众资源
世界上第一家七星级酒店帆船酒店是在哪个城市,迪拜
书中自有黄金屋猜一成语,一本万利
千言万语猜一字,够
在公共汽车地铁火车飞机等公共场所朋友或熟人间说话应该,轻声细语不妨碍别人
五星红旗的比宽比例是,3比2
一只八宝袋样样都能装能装棉和纱能装铁和钢打一日常用品,针线包
狂犬病的主要表现为,高度兴奋
人民通常在中秋节吃什么点心以示团圆,月饼
外套改马甲猜一成语,双管齐下
中国疫控中心成功分离中国首株新型冠状病毒毒种是在哪一天,2020年1月24日
金钩吊银圈姐妹隔座山若要来相会需到天色晚打一日常用品,耳环
诗经共305篇可分为三部分以下哪个不是其中一部分,俗
陛下是古时对君王的尊称其中陛的意思是天的别称,不是
以下哪3个数字的和与积相同,123
无边落木潇潇下不尽长江滚滚来这两句诗中错别字是,潇
一般来说男子行拱手礼时应该左手在外,是
歇后语泥菩萨过河的后一句是什么,自身难保
歇后语猪八戒照镜子的后一句是什么,里外不是人
什么酒不能喝,碘酒
部位相反猜一字,陪
楼台楼台一层一层接起来上面冒白气下面水花开打一日常用品,蒸笼
为什么老张家的马吃掉了老李家的象,他们在下象棋
半耕半读猜一字,讲
梅花三弄是传世名曲其中三弄指的是演奏次数,是的
口比肚子大给啥酒吃啥它吃为了你你吃端着它打一日常用品,碗
坐也是行立也是行行也是行卧也是行猜动物,鱼
歇后语山中无老虎的后一句是什么,猴子称大王
诗句问世间情为何物直教人生死相许的原作者是元好问,是的
沉鱼落雁闭月羞花中的沉鱼是指西施,是的
上穷碧落黄泉中的碧落指天界天宫,是的
脚像细牛脚身像大狗重行象后生子须象老大人打一动物名,羊
唱念做打是中国戏曲表演的四种艺术手段也是戏曲表演的四项基本功其中做指的是面部表情,不是
麦加是基督教的圣地,不是
九十九猜一字,白
春秋属于四书中的一本,不是
美字最初的含义是戴着头饰站立的人,是的
生旦净末丑是京剧的行当其中净是女角,不是
唐代传述奇闻异事的短篇小说称为拍案惊奇,不是
1989年3月发生的十几个强烈的活动引起短波通讯15次中断24次全部中断,磁暴
十月十日猜一字,朝
中国领土横跨时区,5
黄道12宫中太阳在白羊宫停留的时间最短,不是
双簧是我们一门独特的曲艺艺术它得名于初演的个人都是姓黄,是的
在成语按图索骥中骥指的是什么,马
西气东输工程西气我国四大油田中的,塔里木油气田
在古代人们将乐器分为丝竹分别指弹弦乐器和吹奏乐器其中竹是指吹奏乐器,是的
以下哪个不属于岁寒三友,菊
在水一方的歌词来源于哪里,诗经
狼来了猜一水果,杨桃
在古代人们尊称对方的妻子为令正,是的
1994年撞击木星的彗星名叫,苏梅克列维9号
途有饿殍而不发中的发字文中义为发财,不是
埋骨何须桑梓地的后一句是什么,人生无处不青山
一般来说彗星运动方向与彗星运动方向一致,不是
伉俪常常用来指代什么,夫妻
救人一命生造七级浮屠其中的浮屠是什么意思,宝塔
我国的京剧脸谱色彩含义丰富红色一般表示什么,忠勇侠义
二十四史是我国古代二十四史的总称其中只有一部是完全意义上的通史它是三国志,不是
琵琶本名枇杷枇杷一词来源于演奏琵琶的方式,是的
风车之国的风车是用来,提水的
我们常说三教九流以下哪个不属于三教,法教
长庚是中国古代对哪一颗行星的称唿,金星
黄粱一梦中黄粱指的是小米,是的
三人行必有我师出自三字经,不是
歇后语肉包子打狗的后一句是什么,有去无回
以下哪个不属于中国三大国粹,风水学
成语祸起萧墙中萧墙指的是哪种家具,屏风
对于地球上的观测者肉眼可见的恒星大概是几颗,6000
京剧中饰演性格活泼开朗的青年女性是老生,不是
古人称为手谈的是指,围棋
歇后语千里送鹅毛的后一句是什么,礼轻情意重
下列不属于三十六计的是什么,后发制人
苦心人天不负卧薪尝胆三千越甲可吞吴描写的是勾践,是的
保护水环境我们应该选择使用什么洗衣粉,无磷
歇后语肉包子打狗的后一句是什么,有去无回
落霞与孤鹜齐飞秋水共长天一色描写的是哪里的景色,滕王阁
老鼠不吃木头但又要咬坏木制品是为了什么,磨牙
喝哪种开水对健康有益,冷却到25度的温凉白开水
古人所称的拙荆是指自己的妻子,是的
老吾老以及人之老幼吾幼以及人之幼出自孟子,是的
流行语常常说明明可以靠长相吃饭偏偏要靠什么,才华
以下哪类人群不属于不适合接种新冠疫苗的人群,中年人
按星区划分全天共有多少个星座,88
工欲善其事必先利其器是出自于哪部名着,论语
白居易曾在琵琶行里用大珠小珠落玉盘来形容的乐器是,琵琶
阳春白雪和下里巴人这两个成语最初的是什么,乐曲
室外如需吐痰应该怎么办,把痰吐入纸巾再丢入垃圾桶
从地球上看月球人们最多可以看到月球表面的百分之几,59
太阳直射北回归线是24节气中的,夏至
一般来说彗星运动方向与彗星尾运动方向一致,不是
以下哪个不属于三原色,白
在关睢一诗中青年男子爱上的窈窕淑女在摘野菜,是的
顷刻间千秋事业方寸地万里江山三五不行遍天下六七人百万雄兵描写的是下棋,不是
大陆漂移假说的创始人是,魏格纳
我国的京剧脸谱色彩含义丰富黑色一般表示什么,中耿正直
乞拉朋齐成为雨极的原因是,地形雨
金玉其外败絮其中中的絮指的什么,棉花
一身归朔漠数代靖兵戎若以功名论几与卫霍同这位人物是王昭君,是的
桃花潭水深千尺不及汪伦送我情中的我是哪位诗人,李白
世界上火山最多的非洲是南美洲,不是
说者无心后半句是什么,听者有意
以下哪个不属于春秋三传,邹氏春秋传
名诗句我自横刀向天笑的下一句是留取丹心照汗青,不是
对人体来说最高的安全电压是多少伏,36
龙眼又称作什么,桂圆
最早的春联是,刻在木上
月球是地球唯一的彗星,不是
成语典故泾渭分明和棋文化有关,不是
东南亚最长的国际性河流是湄公河,是的
0成语前事不忘的后半句是,后事之师
横跨两大洲首都在西半球的国家是,美国姑获鸟
我们通常所说的煤气中毒是由于煤气中哪种气体吸入量造成的,一氧化碳
壮志饥餐胡虏肉的下一句是什么,笑谈饮匈奴血
按照风俗习惯戒指戴在中指上表示,恋爱中
埃及人利用哪一颗天体制定365日的历法,天狼星
人固有一死或重于泰山或轻于鸿毛是哪位史学家说的,司马迁
金戈铁马气吞万里如虎是岳飞的词句,不是
八卦中代表雷的卦象叫坎,不是
儒家的代表人物是谁,孔子
小说封神演义中哪位着名的人物用直的鱼钩钓鱼,姜太公
夏季在烈日下工作或运动量过大出汗多时为预防中暑应多喝什么,盐开水
废电池乱丢对人体可能造成,镉中毒
成吉思汗中的汗是指大王成吉思的意思是什么,大海
讳疾忌医典故中的君王是齐恒公,不是
孙悟空的一个跟斗可以翻多远,十万八千里
以下哪个不是佛教中的四大天王之一,无闻天王PS佛教四大天王是持国天王广目天王多闻天王增长天王
古代着名的水利工程都江堰建立于唐朝,不是
赤壁之战中谁战败了,曹操
新冠疫苗接种的必要性不包括以下哪一点,增强假日消费能力
我以我血荐轩辕是哪位伟大革命家的誓言,鲁迅
应该给账号设置什么资料保护安全A填写实名信息B设置密码和安全问题C其他选项信息均要设置D绑定安全手机,C
商鞅变法是在哪个国家进行的,秦国
我国是一个缺水的国家人均水资源仅为世界人均量的,14
八卦中代表雷的卦象叫震卦,是的
梅花三弄是传世名曲其中三弄指的是演奏技巧,不是
周武王在那一场战役中给予商朝致命一击,牧野之战
不属于世界三大宗教的是,道教
唐太宗时期以直言敢谏着称去世后被唐太宗感叹失去一面镜子的一代贤臣是,魏征
秦始皇死前遗诏是让谁继承皇位,扶苏
天干纪法中天干有10个那么地支有几个,12
问鼎中原是在讲谁的故事,楚庄王
杏林指代的是医学界,是的
但愿人长久千里共婵娟中的婵娟指什么,月亮
戊字常用作表示顺序的第五位,是的
亚洲耕地面积最大的是中国,不是
在下列选项中海洋等深线最密集的地方是,海沟
西楚霸王是谁,项羽
百家姓中没有肖姓,是的
草书行书楷书隶书四种字体当中楷书是其余三种的起源,不是
破釜沉舟讲的是谁的故事,项羽
甄姬是三国时哪位君王的皇后,曹丕
信天游是中国哪个省的民歌风格,陕西
七擒七纵讲诉的是关羽和张飞的故事,不是
巴以战争争端的焦点在于,土地主权
韩非子是八仙过海中的八仙之一,不是
道德经是谁写的,老子
红楼梦中贾宝玉梦里去的仙境叫什么名字,太虚幻境
一门父子三词客千古文章八大家这幅对联中提到的三父子是曹操曹丕曹植,不是
名落孙山中的孙山是一个人名,是的
不惑代指40岁,是的
以下哪个不是道家三宝,弃道者
太阳是什么星,恒星
成语乌合之众中的乌指的是什么动物,乌鸦
被称为画圣的古代画家是顾凯之,不是
王羲之对鱼十分偏爱并从他的体态姿势上领悟到书法执笔运笔的道理,不是
三国演义中张飞的长子是,张苞
武当山是中国四大佛教名山之一,不是
三国演义中刘备见到诸葛亮家悬挂了一副对联写的是淡泊以明志宁静而致远,是的
作家金庸的最后一部长篇武侠小说是什么,鹿鼎记
以下谁不是春秋五霸,秦恒公
杨继洲是哪个朝代的针灸大师,明朝
太阳大气从里到外分为三层,光球色球日冕
被称为武圣的是谁,关羽
五斗米教是谁创立的,张道陵
太平道教是谁创立的,张角
哪里的烤鸭比较有名,北京
知天命代指50岁,是的
龙井茶的产地是哪里,浙江
苏轼在念奴娇赤壁怀古中提到了羽扇纶巾谈笑间樯橹灰飞烟灭羽扇纶巾形容的是诸葛亮,不是
通常大家说的浙江沪包邮中江指的是哪里,江苏
圆寂是指佛门中的人去世,是的
中国面积最大的省份是哪一个,新疆
五行相克水克什么,火
千姬的海原贝戟继承千姬百分之几的防御,100即全部
千姬的海原贝戟继承千姬百分之几的防御,100
待宵姑获鸟可为队友附加羽念印记的层数上限是,5层
头像框一玲珑锦簇的获得方式是,签到1234天
头像框相依偎的获得方式是,签到500天
御魂海月火玉的四件套可能提供什么效果,伤害提升
以下哪个动物不能眨眼,蛇
蟹姬的皮肤海之大将的获得方式,协同商店
以下皮肤中哪款不属于鬼切,琥珀龙吟
会长不上线几天可以罢免,7天
以下哪款皮肤不属于妖刀姬,冬岚之刃
永久勾玉卡每小时可获得多少勾玉,6
御魂贝吹坊四件套的效果,抵挡伤害
聆海金鱼姬获得凝神印记的层数上限是,8
以下哪款皮肤不属于面灵气,永夜无眠
成语典故专心致志和棋文化有关,是的
以下皮肤中哪款不属于彼岸花,竹子辉夜姬
以下皮肤中哪款不属于姑获鸟,素月浅香
古人讲究谦辞礼让谈到自己儿子时一般称为犬子,是的
人类宇航员第一次进行太空漫步是哪一年,1965
缘结神几个缘结,4个
烟花中使用的延迟剂通常是什么,石蜡
切脉是中医独创的诊法中医把脉时摸的是动脉,是的
在天愿做比翼鸟在地愿为连理枝这句诗描写的是唐明皇和杨贵妃的爱情故事,是的
惊雷出响万物复苏描述的是哪一个节气,惊蛰
成语一曝十寒是形容很有毅力,不是
曹操短歌行实际上是为了表达一种追求爱情的心情,不是
成语一日三秋是形容思念心切,是的
我国农历实际上是,阴阳合历
若新月是日出时落下那下弦月什么时候升起,午夜
我们常用的社稷来指代国家其中社字代表土地之神,是的
三十年河东三十年河西中的河最初指什么,黄河
刻舟求剑这个故事出自于那部古籍,吕氏春秋
霸王别姬讲的是谁的故事,项羽
战国时期的兵器打多用那种材料制成,青铜
被称为画圣的古代画家是吴道子,是的
在五行理论中水生木金生水,是的
成语毛遂自荐中的毛遂是战国四公子中谁的门客,平原君
黄河流经我国的多少个省份,9
鬼谷子的作者是谁,鬼谷子
中国最早的历法是什么,夏历
三国时期割须弃袍的是谁,曹操
我国古代能工巧匠的杰出代表鲁班不姓鲁,是的
从事贸易活动的人叫做商人这跟历史上的商代有关系吗,是的
古时候一个时辰等于现在2小时,是的
塑造聂小倩这一人物形象的作家是谁,蒲松龄
头像框与君共的获取方式是,签到365天
以下式神中谁的技能能为友方式神提升效果抵抗,白童子
以下式神中没有翅膀的是,彼岸花
不携带任何御魂的麓铭能附加哪种控制效果,眩晕
头像框名声大振,成就5000点
可以达到指导后辈的成就点,2500点
烟花大会中哪种安全措施是必须遵守的,保持安全距离
游园会上哪种表演通常在晚上举行,烟火表演
烟花设计中哪种技术用于产生瀑布效果,使用长条火药
烟花大会通常在哪个季节举行,夏季
烟火大会中哪种情况下应该遵守安全指示,任何时候
烟火大会中哪种情况下应该立即撤离,烟火表演中出现异常
烟火大会中使用的烟火是有什么制成的,火药
空城计里诸葛亮在城楼上做的事是跳舞,不是
烟花设计中哪种技术用于产生旋转效果,使用离心力
初次见到灶门你豆子时我妻善逸怎样看待称豆子的,好可爱
出现在下弦之壹魇梦为我妻善逸制造的梦境里的是,灶门称豆子
鬼舞社无惨让猗窝座找的东西是,蓝色彼岸花
炼狱植寿郎初次见灶门炭治郎时说他使用的呼吸是,日之呼吸
炼狱慎寿郎通过什么认定灶门炭治郎使用的是日之呼吸,耳饰
炼狱杏寿郎告诉父亲自己成为炎柱之后父亲的回答是,无聊无谓
潜伏在游郭的上弦之陆有几个人,2
是谁将灶门称豆子变成了鬼,鬼舞迁无惨
谜鸦的作用是,联络消息
我妻善逸化名善子在游郭京极屋展现了什么样的特技,弹三味线
我妻善逸用于和其他队员联系的动物是,麻雀
无限列车一共有几节车厢,八节
无限列车中第一个从下弦之壹魔梦制造的梦境中醒来的人是,灶门炭治郎
炎柱炼狱杏寿郎被在车站卖便当的少女用什么东西砸中过,红豆沙面包
以什么为媒介普通人也可以进入魔梦制造的梦境,绳子
以下哪种方式可以避开魔梦让人陷入梦境的强制昏倒睡眠眼,避免对视
以下谁不是音柱宇髓天元的妻子,灶门称豆子
游郭篇的战斗中灶门炭治郎如何安抚鬼化发狂的灶门称豆子,唱摇篮曲
宇髓天元出生于什么世家,忍者家族
灶门称豆子木箱的原材料雾云杉拥有何种特征,非常轻
灶门称豆子平时咬在嘴里的东西是,竹简
灶门称豆子通过哪种方式恢复体力,睡觉
灶门称豆子咬的竹简是谁让她咬着的,富冈义勇
灶门称豆子咬着竹筒是因为,防止伤人
灶门炭治郎第一次见到鬼舞过无惨是在,东京府浅草
灶门炭治郎额头的疤痕是怎么出现的,被火盆烫伤
灶门炭治郎潜入游郭荻本屋时化名为,炭子
灶门炭治郎使用哪一招式砍断了下弦之壹魔梦的脖子,火之神神乐
灶门炭治郎无法面不改色做的事情是,撒谎
嘴平伊之助戴的头套属于哪种动物,野猪
嘴平伊之助第一次摘掉头套时我妻善逸的反应是,长得像女生一样
红茶属于什么茶,全发酵茶
人舌头的哪个部位对甜味最敏感,舌尖
人体最大的解毒器官是,肝脏
世界上最小的乌是,蜂鸟
下列不属于六艺的是,武
下列哪种动物不属于哺乳动物,海龟
下列食物中属于酸性食物的是,鸡蛋黄
以下个是真正的鱼,鲫鱼
博士作为官名最早出现在,奏
沉鱼落雁闭月羞花中闭月是指,貂蝉
打蛇打七寸的七寸是指哪个部位,心脏
轻于鸿毛中的鸿毛是哪种动物的毛,大雁
入木三分这个成语原本是用来形容什么的,书法
以下技能中能保护友方的技能是,方圆之备
以下哪个技能可以为友方全体获得护盾,风神之佑
以下哪个式神没有造成问接伤害的能力,般若
以下式神中不携带任何御魂的情况下谁的技能能造成间接伤害,山风
以下式神中哪一个不能开启幻境,紧那罗
以下式神中谁的技能不能使敌方中毒,猫掌柜
以下式神中谁的技能不能造成间接伤害,蟹姬
地震蜍在什么地区附近出现,稻荷神社
镰融三兄弟的长兄叫做,一太郎
冥界中谁拥阎魔之目一双南善度恶,阎魔
日和坊背善的娃娃叫做,晴天娃娃
鸩的哪个部位有剧事,羽毛
阴阳师平安物语第二季其片尾曲叫做,真夏绘卷
以下式神中不是手持扇子的是,螫姬
以下式神中传说能给人们带来财富的是,患比寿
以下式神中额头上没有椅角的是,椒图
以下式神中居住在森林中的是,小松丸虫师
以下式神中没有翅膀的是,彼岸花山童
以下式神中哪一位是可爱的女孩子,纸舞座敷童子
以下式神中谁将铃鹿山的各项事物交予大岳丸,铃鹿御前
以下式神中手持折扇的是,荒川之主弈妖狐
以下式神中有兄弟或姐妹是谁,童女跳跳哥哥跳跳妹妹
阿修罗理性印记的获得上限是,9
不携带任何御魂的镰勘能附加哪种控制效果,眩晕
不携带任何御魂的麓铭大岳丸能附加哪种控制效果,眩晕
不携带任何御魂的食梦摸能附加哪种控制效果,沉睡
不携带任何御魂的间魔能附加哪种控制效果,沉默
不携带任何御魂的御津不能附加哪种效果,变形
蝉冰雪女施放永冬技能会给目标附加以下哪种状态,霜冻
当夜溟彼岸花处于沉眠状态中会有以下哪种效果,其余选项皆对
鬼童丸获得几层狂时会进入修罗状态,3
紧那罗共能弹奏几种律音,5
两面佛攻击时风神对敌方会造成以下哪种效果,造成间接伤害
姬的海原贝戟生命值与千姬的哪个属性有关,攻击
千姬的海原贝戟继承千姬百分之几的防御,1
以下哪种能力是不知火的星火结界拥有的,其余选项皆对
以下哪种能力是镰无法拥有的,击退行动条
以下哪个不是阿修罗的技能,炼狱之门
以下哪个不是赤影妖刀姬的技能,焚天
以下个不是帝释天的技能,苦海浮生
以下哪个不是千姬的技能,凌波
以下哪个是柔的技能,温柔的守护
以下个效果是星熊童子附加的,众矢之的
黄草的治疗与自身的个属性相关,攻击
御怨般若获得仇恨印记的上限数量是,9
在大岳丸放逐敌方目标过程中普攻增加以下哪种效果,其余选项皆对
会长离线时间超过几天阴阳寮成员可以选择罢免会长,7
每日可以完成多少次阴阳寮任务,30
阴阳寮宴会每周最多开启几次,2
御魂兵主部的两件要可能触发的效果是,攻击加成
御魂出世螺的四件套可能触发的效果是,恢复生命
御魂共潜的四件套可能触发的效果是,驱散负面状态
御魂海月火玉的四件套可能触发的效果是,伤害提升
御魂日女日时的四件套可能触发的效果是,击退行动条
御魂雜魂的四件套可能触发的效果是,分担伤害
御魂涂佛的两件套可能触发的效果是,生命加成
头像框百鬼之主的获得方式是,为惠而战捌段前十
头像框京都名士的获得方式是,为患而战捌段前五百
头像框立乌帽子的获得方式是,每周斗技全服前五百名
头像框名声大振的获得方式是,成就点数突破5000
头像框与君共的获得方式是,签到365天
以下哪款APP每日签到可以获得专属头像框,大神APP
以下哪种方法可以获取蟹姬皮肤海之大将,协同荣誉兑换
以下皮肤中哪款不属于辉夜姬,风铃彩
以下皮肤中哪款不属于面灵气,永夜无眠
以下皮肤中哪款不属于玉藻前,心狐之祈
绘卷中歌姬不知火在哪里长大成人,离鸟
绘卷中丸曾经的老师是,贺茂忠行
绘卷中教导铃鹿御前理解义理I的力量的是,田村
绘卷中面灵气的面具是由谁制作而成的,奏川胜
绘卷中谁是玉藻前的孩子,羽花爱花
绘卷中是谁教唆面灵气含弃一切的,狐面
绘卷中雪重子的本体是,挂上玉藻前佩刀的雪人
绘卷中与缚骨清姬爱纠缠的男子是,安珍
剧情中八岐大蛇与谁缔结契约,源赖光
剧情中谁管是晴明失忆前的式神,九命猫
剧情中是谁告诉晴明草雍剑的碎片在冥界,黑晴明
剧情中童男提到草雜剑原本应该存放在,热田神言
剧情中女和大天狗追随的阴阳师是谁,黑晴明
剧情中阎磨要求晴明镇压的妖怪是谁,傀儡师
平安百物语中淮梦想成为京都的明星,蝴蝶精
9级的体力食盒每次可以存储多少溢出体力,250
R阶式神返魂可以获得多少御札,5
SR阶式神可以通过多少个对应的式神碎片召唤获得,40
SSR阶式神可以通过多少个对应的式神碎片召唤获得,50
百鬼夜行中非鬼王SSR级式神每次可以提供多少碎片,1
百鬼夜行中非鬼王呱类式神每次可以提供多少碎片,1
成就点达到多少才可以指导后辈,2500
兑换语音表情需要以下哪些道具,其余选项皆对
非酋系列成就的奖励包括,其余选项皆对
集齐全部呱太可获得,随机SSR式神
亲友使用自己的协战式神前多少次可以获得奖励,50
想要回顾已经解锁的绘卷剧情入口是,点击庭院大树追忆绘卷
协同斗技中每位玩家可以上阵几位式神,3
协同斗技中每位玩家可以选择几位式神,5
有个每周获取有上限的是,斗技荣誉点
以下道具或材料哪种不能通过式神委派获得,结界挑战券
久勾玉卡多少小时可以领取一次5勾玉,6
可以通过什么方式获得金币,其余选项皆对
哪种材料可以提升式神技能等级,御行达摩
可以通过什么方式获得新式神,其余选项皆对
每天几点可以参与逢魔之时玩法,17时
挑战御魂副本可以获得,御魂
哪个不是式神的技能类型,建造
哪个不是式神的稀有度等级,A
百鬼夜行可以邀请几名好友进入,1
御魂是用来,提升式神能力
耄耋之年指的是几岁,8090岁
SSR式神可以通过多少个对应的式神碎片召唤获得,50
被椒图的技能涓流链接的式神每次行动后恢复椒图百分之多少的生命值,005
不带任何御魂的稻荷神御馔津不能附加,变形效果
合成SR式神需要多少碎片,40
会长离线时间超过几天阴阳寮成员可以选择罢免会长,7天
甲骨文是写在什么上面的,兽骨
绿色蔬莱营养丰富下列不属于绿色疏菜所含营养物质的为,蛋白质
千姬的海原贝戟继承多少防御,1
人在咀嚼食物时上下颌是怎样运动的,下颌碰上颌
头像框百莫开的获得式,参与王之宴活动
蟹姬皮肤海之大将的获取方法,协同斗技积分兑换
阎魔呱为了变美穿谁的衣服,彼岸花呱
以下个是真正的鱼,螂鱼
以下呱太中最会惹麻烦的呱,茨木呱
以下技能提供护盾保护友方的是,方圆之备
以下哪个稀有度的式神不能觉醒,N
以下谁不是音柱宇髓天元的妻子,灶门祢豆子
以下式神不能造成间接伤害的是,蟹姬
以下式神中不是手持扇子的是,蟹姬
阴阳师达到几级可以在百鬼夜行邀请好友,10级
御怨般若的仇恨印记最多有几层,9
在满足什么条件后就能够更换式神皮肤,觉醒
在炎热的夏天狗通过什么方式散热,张口呼吸
灶门祢豆子通过哪种方式恢复体力,睡觉
每个式神最多可以装备几个御魂,6
剧情中阁魔要求晴明镇压的妖怪是谁,傀儡师
百鬼夜行中非鬼尺级式神每次可以提供多少碎片,3片
以下哪个是晓浪荒川之主的特殊效果,吃立不倒
式神的觉醒需要什么材料,觉醒材料
不携带任何御魂的狸猫能附加哪种控制效果,挑鲜
俗称四不像的动物是,康鹿
头像框一百鬼之主的获得方式是,为崽而战捌段前十
以下式神中哪一位是可爱的女孩子,纸舞
想要回顾已经解锁的绘卷剧情入口是,点击庭院大树一追忆绘卷
御魂珍珠的四件套可能触发的效果是,使被治疗目标获得护